zip_code,latitude,longitude,distance,duration
20001,38.910717,-77.01666,6.1 mi,13 mins
20002,38.908089000000004,-76.976663,9.4 mi,25 mins
20003,38.877752,-76.986546,5.7 mi,13 mins
20004,38.892444,-77.020588,4.3 mi,9 mins
20005,38.904224,-77.031798,4.6 mi,12 mins
20006,38.895101000000004,-77.039776,3.0 mi,10 mins
20007,38.914063,-77.077395,4.0 mi,14 mins
20008,38.935771,-77.059213,6.8 mi,17 mins
20009,38.920392,-77.038564,4.8 mi,21 mins
20010,38.932965,-77.030066,6.7 mi,24 mins
20011,38.950224,-77.019714,10.0 mi,26 mins
20012,38.97827,-77.02853,10.9 mi,27 mins
20015,38.96829,-77.064974,7.6 mi,28 mins
20016,38.93684,-77.093123,6.5 mi,20 mins
20017,38.937006,-76.993674,8.6 mi,23 mins
20018,38.930038,-76.969962,9.3 mi,23 mins
20019,38.892782000000004,-76.94051,10.0 mi,19 mins
20020,38.862289000000004,-76.97296,7.1 mi,17 mins
20024,38.870368,-77.036701,3.4 mi,7 mins
20032,38.830147,-77.009214,9.2 mi,17 mins
20036,38.906861,-77.041385,3.8 mi,15 mins
20037,38.898708,-77.053967,3.4 mi,8 mins
20105,38.960832,-77.60435,34.2 mi,47 mins
20106,38.694356,-77.999264,60.5 mi,1 hour 13 mins
20109,38.793688,-77.53645,30.3 mi,35 mins
20110,38.746216,-77.489106,33.8 mi,46 mins
20111,38.753198,-77.429954,30.7 mi,43 mins
20112,38.66484,-77.4339,39.1 mi,47 mins
20115,38.837836,-77.898614,51.5 mi,54 mins
20117,38.995028999999995,-77.736967,43.4 mi,1 hour 4 mins
20119,38.626106,-77.625141,48.1 mi,59 mins
20120,38.859809999999996,-77.466616,26.5 mi,34 mins
20121,38.815894,-77.460849,26.7 mi,33 mins
20124,38.775973,-77.388066,29.3 mi,37 mins
20129,39.163444,-77.601207,44.5 mi,49 mins
20130,39.030553999999995,-77.936754,64.4 mi,1 hour 7 mins
20132,39.173958,-77.73253,51.4 mi,57 mins
20135,39.090631,-77.888766,59.9 mi,1 hour 9 mins
20136,38.736614,-77.546642,38.3 mi,46 mins
20137,38.808712,-77.725592,42.2 mi,50 mins
20141,39.10795,-77.784622,53.5 mi,57 mins
20143,38.848754,-77.566119,34.5 mi,42 mins
20144,38.929195,-77.93867900000001,56.3 mi,58 mins
20147,39.039572,-77.481613,31.8 mi,40 mins
20148,39.001489,-77.515588,30.8 mi,35 mins
20151,38.886153,-77.450992,27.1 mi,32 mins
20152,38.892216999999995,-77.509827,29.4 mi,37 mins
20155,38.813292,-77.633941,36.7 mi,42 mins
20158,39.139526000000004,-77.654863,45.0 mi,47 mins
20164,39.014127,-77.399912,25.3 mi,36 mins
20165,39.047357,-77.386479,27.1 mi,39 mins
20166,38.982834000000004,-77.471524,27.9 mi,32 mins
20169,38.869358,-77.639786,40.0 mi,45 mins
20170,38.983721,-77.382758,24.4 mi,32 mins
20171,38.926604,-77.391188,24.1 mi,31 mins
20175,39.052271,-77.603577,40.5 mi,45 mins
20176,39.160038,-77.521852,44.0 mi,50 mins
20180,39.268742,-77.629255,52.9 mi,1 hour 2 mins
20181,38.690627,-77.573274,41.4 mi,51 mins
20184,39.009648,-77.871797,62.7 mi,1 hour 10 mins
20186,38.705946000000004,-77.849508,49.2 mi,1 hour 0 mins
20187,38.722685999999996,-77.741378,45.2 mi,53 mins
20190,38.960974,-77.342467,21.1 mi,28 mins
20191,38.93112,-77.351394,22.8 mi,30 mins
20194,38.982667,-77.341454,22.2 mi,29 mins
20197,39.192409,-77.6253,46.8 mi,53 mins
20198,38.87818,-77.7499,47.6 mi,51 mins
22003,38.837759,-77.210328,15.7 mi,21 mins
22015,38.785306,-77.286075,18.4 mi,27 mins
22025,38.597162,-77.34442,30.3 mi,37 mins
22026,38.567808,-77.296681,30.1 mi,36 mins
22027,38.895034,-77.220454,11.7 mi,17 mins
22030,38.837256,-77.342008,20.1 mi,26 mins
22031,38.858907,-77.261358,15.9 mi,22 mins
22032,38.820952,-77.288944,17.7 mi,26 mins
22033,38.879366,-77.376768,21.1 mi,27 mins
22039,38.754931,-77.310158,23.2 mi,30 mins
22041,38.851211,-77.14477,7.9 mi,17 mins
22042,38.862956,-77.193872,10.0 mi,20 mins
22043,38.899288,-77.191356,10.7 mi,15 mins
22044,38.861478,-77.155248,7.8 mi,17 mins
22046,38.88828,-77.18096,10.9 mi,17 mins
22060,38.710648,-77.158488,17.0 mi,23 mins
22066,39.004448,-77.308098,19.5 mi,30 mins
22079,38.6765,-77.206884,19.8 mi,27 mins
22101,38.935853,-77.162141,9.2 mi,14 mins
22102,38.959942,-77.224902,14.0 mi,19 mins
22124,38.893116,-77.328886,22.2 mi,31 mins
22134,38.563765999999994,-77.422682,39.1 mi,45 mins
22150,38.76113,-77.186046,13.2 mi,20 mins
22151,38.801644,-77.210894,12.7 mi,16 mins
22152,38.776093,-77.23345,15.0 mi,23 mins
22153,38.745468,-77.232529,18.4 mi,24 mins
22172,38.563734000000004,-77.356151,32.6 mi,38 mins
22180,38.897426,-77.252868,13.9 mi,23 mins
22181,38.904608,-77.295559,17.1 mi,25 mins
22182,38.936147999999996,-77.267598,15.3 mi,18 mins
22191,38.623346,-77.26364,25.8 mi,33 mins
22192,38.676479,-77.31705,25.6 mi,34 mins
22193,38.642531,-77.348454,28.7 mi,36 mins
22201,38.886594,-77.094726,3.5 mi,10 mins
22202,38.859829,-77.053278,3.4 mi,7 mins
22203,38.874992999999996,-77.122609,6.5 mi,13 mins
22204,38.861504,-77.100112,5.7 mi,12 mins
22205,38.882248,-77.141056,6.6 mi,13 mins
22206,38.840858,-77.08902,4.8 mi,10 mins
22207,38.909812,-77.12016,5.9 mi,13 mins
22209,38.892914,-77.072571,2.0 mi,5 mins
22211,38.876996999999996,-77.070852,1.6 mi,8 mins
22213,38.895782,-77.162568,8.4 mi,15 mins
22214,38.8787,-77.1155,5.7 mi,11 mins
22301,38.818362,-77.060432,6.9 mi,15 mins
22302,38.830715,-77.093618,5.5 mi,10 mins
22303,38.790068,-77.081205,9.6 mi,22 mins
22304,38.812166999999995,-77.126406,8.4 mi,13 mins
22305,38.836316,-77.065006,5.3 mi,13 mins
22306,38.759052000000004,-77.087124,12.4 mi,27 mins
22307,38.772065,-77.058721,10.8 mi,24 mins
22308,38.731352,-77.061923,14.0 mi,28 mins
22309,38.718398,-77.107164,20.7 mi,30 mins
22310,38.782006,-77.122048,14.4 mi,23 mins
22311,38.833892999999996,-77.122082,6.9 mi,13 mins
22312,38.817522,-77.152674,8.9 mi,15 mins
22314,38.814029999999995,-77.063962,6.9 mi,15 mins
22315,38.7575,-77.136609,15.6 mi,25 mins
22401,38.298282,-77.491386,51.4 mi,54 mins
22405,38.31984,-77.411584,51.3 mi,57 mins
22406,38.402857,-77.54719,51.1 mi,59 mins
22407,38.263428,-77.598161,57.4 mi,1 hour 5 mins
22408,38.208853,-77.402934,60.2 mi,1 hour 8 mins
22427,38.024761,-77.249305,88.5 mi,1 hour 31 mins
22432,37.858897999999996,-76.340852,135 mi,2 hours 31 mins
22433,38.3614,-77.866638,73.8 mi,1 hour 24 mins
22435,37.933486,-76.569604,117 mi,2 hours 9 mins
22436,38.103377,-77.101182,80.1 mi,1 hour 28 mins
22437,37.796048,-76.731963,113 mi,2 hours 5 mins
22438,38.042582,-76.995786,88.9 mi,1 hour 36 mins
22443,38.177557,-76.984687,68.0 mi,1 hour 31 mins
22448,38.339009999999995,-77.03275,53.7 mi,1 hour 13 mins
22454,37.848319000000004,-76.83924,107 mi,1 hour 56 mins
22460,37.86389,-76.619216,117 mi,2 hours 8 mins
22469,38.062622,-76.659761,92.9 mi,2 hours 3 mins
22473,37.883894,-76.395546,130 mi,2 hours 26 mins
22476,38.038781,-77.068756,86.2 mi,1 hour 35 mins
22480,37.664679,-76.415555,140 mi,2 hours 36 mins
22482,37.739132,-76.351509,137 mi,2 hours 32 mins
22485,38.271078,-77.172762,71.6 mi,1 hour 18 mins
22488,38.041722,-76.587492,97.0 mi,2 hours 6 mins
22503,37.733783,-76.529851,129 mi,2 hours 22 mins
22504,37.757496,-76.726784,115 mi,2 hours 5 mins
22508,38.311254999999996,-77.783957,66.8 mi,1 hour 13 mins
22509,38.081703,-77.039341,84.4 mi,1 hour 33 mins
22511,37.990736,-76.495479,124 mi,2 hours 19 mins
22514,37.960341,-77.243082,88.0 mi,1 hour 30 mins
22520,38.109482,-76.807728,82.8 mi,1 hour 50 mins
22534,38.067824,-77.67717,76.1 mi,1 hour 20 mins
22535,38.119938,-77.24986,78.9 mi,1 hour 32 mins
22538,38.20372,-77.244974,72.1 mi,1 hour 18 mins
22539,37.861652,-76.287024,137 mi,2 hours 34 mins
22542,38.302044,-77.900928,74.9 mi,1 hour 26 mins
22546,37.949726,-77.437624,78.6 mi,1 hour 17 mins
22551,38.178874,-77.697837,69.4 mi,1 hour 17 mins
22553,38.275271999999994,-77.62609,58.1 mi,1 hour 5 mins
22554,38.432776,-77.395156,40.0 mi,46 mins
22556,38.502596000000004,-77.495303,46.1 mi,56 mins
22560,37.913585999999995,-76.977738,101 mi,1 hour 52 mins
22567,38.238659,-77.926338,77.3 mi,1 hour 27 mins
22572,37.963649,-76.771778,105 mi,1 hour 55 mins
22576,37.690607,-76.42689,139 mi,2 hours 35 mins
22578,37.641205,-76.377794,143 mi,2 hours 36 mins
22580,38.126492,-77.441282,70.0 mi,1 hour 15 mins
22601,39.168183,-78.169274,76.2 mi,1 hour 25 mins
22602,39.151073,-78.277218,93.0 mi,1 hour 33 mins
22603,39.290399,-78.193323,83.3 mi,1 hour 36 mins
22610,38.818464,-78.27854,80.1 mi,1 hour 27 mins
22611,39.175319,-77.97529,65.4 mi,1 hour 8 mins
22620,39.065415,-78.032456,67.0 mi,1 hour 9 mins
22623,38.8535,-78.1355,67.8 mi,1 hour 16 mins
22624,39.271646000000004,-78.099894,77.9 mi,1 hour 25 mins
22625,39.380196,-78.306115,92.6 mi,1 hour 41 mins
22627,38.765121,-78.083626,64.9 mi,1 hour 13 mins
22630,38.922447999999996,-78.172554,68.0 mi,1 hour 10 mins
22637,39.253719,-78.348104,90.1 mi,1 hour 40 mins
22639,38.811261,-78.020928,60.4 mi,1 hour 8 mins
22640,38.811679999999996,-78.125185,67.8 mi,1 hour 20 mins
22641,39.073508,-78.386752,86.3 mi,1 hour 23 mins
22642,38.904856,-78.065006,62.4 mi,1 hour 4 mins
22643,38.896094,-78.004455,58.3 mi,59 mins
22644,38.963719,-78.53644,95.3 mi,1 hour 40 mins
22645,39.023552,-78.269751,78.6 mi,1 hour 16 mins
22649,39.002052,-78.257026,75.1 mi,1 hour 17 mins
22650,38.759252000000004,-78.36151,86.3 mi,1 hour 35 mins
22652,38.845832,-78.434596,91.5 mi,1 hour 42 mins
22654,39.063737,-78.450477,91.5 mi,1 hour 32 mins
22655,39.048235999999996,-78.238658,82.0 mi,1 hour 22 mins
22656,39.213555,-78.08284,73.0 mi,1 hour 16 mins
22657,39.009209999999996,-78.35077,79.4 mi,1 hour 18 mins
22660,38.954501,-78.431139,86.1 mi,1 hour 23 mins
22663,39.056207,-78.114527,72.6 mi,1 hour 15 mins
22664,38.891647,-78.53407,95.4 mi,1 hour 32 mins
22701,38.43995,-78.010048,71.9 mi,1 hour 19 mins
22709,38.306596,-78.252223,93.7 mi,1 hour 44 mins
22711,38.470124,-78.283448,89.0 mi,1 hour 39 mins
22712,38.549229,-77.75582,59.9 mi,1 hour 10 mins
22713,38.539248,-78.141492,74.5 mi,1 hour 32 mins
22714,38.519933,-77.88393,64.7 mi,1 hour 16 mins
22715,38.412038,-78.170982,82.6 mi,1 hour 30 mins
22716,38.621137,-78.099233,66.5 mi,1 hour 20 mins
22718,38.469332,-77.814684,64.1 mi,1 hour 14 mins
22719,38.509532,-78.26432,85.8 mi,1 hour 40 mins
22720,38.475970000000004,-77.641952,56.2 mi,1 hour 10 mins
22722,38.460708000000004,-78.233546,84.4 mi,1 hour 33 mins
22723,38.34236,-78.396386,98.2 mi,1 hour 51 mins
22724,38.62973,-77.905724,58.9 mi,1 hour 9 mins
22725,38.442694,-78.138404,79.7 mi,1 hour 26 mins
22726,38.399344,-77.8145,71.1 mi,1 hour 21 mins
22727,38.394258,-78.323079,92.0 mi,1 hour 46 mins
22728,38.576878,-77.679954,54.5 mi,1 hour 6 mins
22729,38.36934,-78.01639,77.4 mi,1 hour 28 mins
22730,38.358245000000004,-78.170013,85.8 mi,1 hour 35 mins
22731,38.355484000000004,-78.27508,89.1 mi,1 hour 37 mins
22732,38.314479,-78.198788,89.0 mi,1 hour 38 mins
22733,38.33335,-78.041879,81.2 mi,1 hour 31 mins
22734,38.528158,-77.823134,59.4 mi,1 hour 9 mins
22735,38.483014000000004,-78.165428,81.8 mi,1 hour 30 mins
22736,38.393957,-77.695736,69.7 mi,1 hour 25 mins
22737,38.589828999999995,-78.008185,62.9 mi,1 hour 15 mins
22738,38.27541,-78.252938,95.0 mi,1 hour 44 mins
22740,38.635333,-78.254739,76.5 mi,1 hour 32 mins
22741,38.441348,-77.866682,69.9 mi,1 hour 21 mins
22742,38.460762,-77.71565,64.7 mi,1 hour 11 mins
22743,38.54204,-78.377953,95.6 mi,2 hours 1 min
22747,38.730779999999996,-78.171971,70.0 mi,1 hour 24 mins
22749,38.619248999999996,-78.183596,77.2 mi,1 hour 29 mins
22801,38.41421,-78.892628,133 mi,2 hours 7 mins
22802,38.486284,-78.850636,128 mi,2 hours 2 mins
22810,38.822486,-78.78706,112 mi,1 hour 56 mins
22811,38.80098,-78.981802,138 mi,2 hours 20 mins
22812,38.371346,-79.038014,145 mi,2 hours 22 mins
22815,38.651072,-78.796701,120 mi,1 hour 55 mins
22820,38.720286,-79.017037,143 mi,2 hours 37 mins
22821,38.476685,-79.072383,143 mi,2 hours 25 mins
22824,38.840016,-78.642036,102 mi,1 hour 37 mins
22827,38.35895,-78.615034,114 mi,2 hours 10 mins
22830,38.656596,-78.997434,131 mi,2 hours 10 mins
22831,38.557546,-79.074899,145 mi,2 hours 23 mins
22832,38.4421,-78.766767,133 mi,2 hours 8 mins
22834,38.562187,-78.885091,129 mi,2 hours 9 mins
22835,38.693469,-78.480224,93.3 mi,1 hour 42 mins
22840,38.379778,-78.751812,139 mi,2 hours 17 mins
22841,38.335456,-78.896883,140 mi,2 hours 11 mins
22842,38.789202,-78.698054,108 mi,1 hour 47 mins
22843,38.370049,-79.173194,154 mi,2 hours 33 mins
22844,38.632357,-78.663675,114 mi,1 hour 49 mins
22845,38.782664000000004,-78.816188,118 mi,2 hours 3 mins
22846,38.365463,-78.790832,135 mi,2 hours 9 mins
22847,38.725352,-78.716079,109 mi,1 hour 44 mins
22849,38.526899,-78.603117,107 mi,1 hour 58 mins
22850,38.571887,-78.916794,129 mi,2 hours 9 mins
22851,38.559952,-78.512896,101 mi,1 hour 53 mins
22853,38.669107000000004,-78.759322,113 mi,1 hour 52 mins
22901,38.096352,-78.556894,117 mi,2 hours 14 mins
22902,37.953759999999996,-78.469502,116 mi,2 hours 17 mins
22903,38.002721,-78.608875,127 mi,2 hours 24 mins
22904,38.037046000000004,-78.517947,119 mi,2 hours 19 mins
22911,38.096663,-78.399441,112 mi,2 hours 7 mins
22920,37.975038,-78.824356,137 mi,2 hours 34 mins
22922,37.68187,-78.927548,154 mi,2 hours 48 mins
22923,38.186576,-78.326984,104 mi,1 hour 55 mins
22931,37.907732,-78.711055,132 mi,2 hours 28 mins
22932,38.130301,-78.685998,126 mi,2 hours 28 mins
22935,38.255105,-78.568058,113 mi,2 hours 11 mins
22936,38.156572,-78.5093,110 mi,2 hours 9 mins
22937,37.819234,-78.615299,132 mi,2 hours 36 mins
22938,37.849965999999995,-78.805866,138 mi,2 hours 32 mins
22939,38.093826,-78.985045,158 mi,2 hours 27 mins
22940,38.208712,-78.624924,119 mi,2 hours 29 mins
22942,38.092188,-78.147576,97.6 mi,1 hour 59 mins
22943,38.042969,-78.781769,133 mi,2 hours 30 mins
22946,37.846179,-78.57107,127 mi,2 hours 28 mins
22947,38.053411,-78.318596,104 mi,1 hour 57 mins
22948,38.359933,-78.118364,81.1 mi,1 hour 30 mins
22949,37.791306,-78.86945,146 mi,2 hours 40 mins
22952,37.962247999999995,-78.959991,172 mi,2 hours 39 mins
22958,37.8963,-78.891608,146 mi,2 hours 44 mins
22959,37.935536,-78.637951,127 mi,2 hours 23 mins
22960,38.216981,-78.036551,84.8 mi,1 hour 37 mins
22963,37.835663000000004,-78.283957,118 mi,2 hours 17 mins
22964,37.717042,-78.985993,154 mi,2 hours 48 mins
22967,37.821473,-79.038449,162 mi,3 hours 8 mins
22968,38.255022,-78.376775,99.0 mi,1 hour 48 mins
22969,37.783994,-78.698008,144 mi,2 hours 43 mins
22971,37.751712,-78.803236,146 mi,2 hours 48 mins
22972,38.217776,-78.225162,93.0 mi,1 hour 48 mins
22973,38.342546,-78.484864,104 mi,1 hour 58 mins
22974,37.962299,-78.263335,110 mi,2 hours 7 mins
22976,37.832139,-79.054567,165 mi,3 hours 4 mins
22980,38.107415,-78.903737,159 mi,2 hours 26 mins
23002,37.3479,-77.963641,141 mi,2 hours 20 mins
23004,37.671226000000004,-78.417266,132 mi,2 hours 39 mins
23005,37.755478000000004,-77.495898,91.4 mi,1 hour 30 mins
23009,37.809509,-77.186544,99.7 mi,1 hour 39 mins
23011,37.47822,-76.806394,139 mi,2 hours 9 mins
23015,37.936614,-77.618417,82.3 mi,1 hour 25 mins
23021,37.388486,-76.369327,151 mi,2 hours 46 mins
23022,37.741121,-78.262648,120 mi,2 hours 22 mins
23023,37.784555,-76.923408,118 mi,2 hours 1 min
23024,37.941024,-77.792732,92.1 mi,1 hour 41 mins
23025,37.416298,-76.37556,150 mi,2 hours 43 mins
23027,37.633340000000004,-78.148186,144 mi,2 hours 20 mins
23030,37.356787,-77.071575,131 mi,2 hours 5 mins
23032,37.669067999999996,-76.672139,123 mi,2 hours 13 mins
23035,37.506604,-76.372794,147 mi,2 hours 39 mins
23038,37.754721,-78.136475,113 mi,2 hours 14 mins
23039,37.656199,-77.807748,122 mi,1 hour 55 mins
23040,37.525651,-78.258119,156 mi,2 hours 36 mins
23043,37.567441,-76.349367,145 mi,2 hours 39 mins
23045,37.426919,-76.275966,157 mi,2 hours 53 mins
23047,37.859086,-77.482716,83.2 mi,1 hour 21 mins
23050,37.490124,-76.433945,143 mi,2 hours 35 mins
23055,37.781817,-78.214565,118 mi,2 hours 21 mins
23056,37.438806,-76.38509,149 mi,2 hours 43 mins
23059,37.70859,-77.543686,98.4 mi,1 hour 37 mins
23060,37.661738,-77.531268,104 mi,1 hour 37 mins
23061,37.44086,-76.557096,142 mi,2 hours 33 mins
23062,37.256372,-76.504307,164 mi,2 hours 33 mins
23063,37.7264,-77.985335,130 mi,2 hours 2 mins
23065,37.802032000000004,-77.930652,104 mi,1 hour 58 mins
23068,37.493322,-76.347474,149 mi,2 hours 43 mins
23069,37.7632,-77.333322,96.0 mi,1 hour 35 mins
23070,37.559601,-76.389499,142 mi,2 hours 34 mins
23071,37.542711,-76.439698,139 mi,2 hours 31 mins
23072,37.30473,-76.48371,168 mi,2 hours 39 mins
23075,37.549682,-77.316375,111 mi,1 hour 42 mins
23076,37.475615999999995,-76.31646,151 mi,2 hours 45 mins
23079,37.730806,-76.672338,120 mi,2 hours 10 mins
23083,37.322632,-78.113406,152 mi,2 hours 34 mins
23084,37.880251,-78.106509,106 mi,2 hours 1 min
23085,37.726138,-76.831094,123 mi,2 hours 9 mins
23086,37.663268,-77.045424,116 mi,1 hour 58 mins
23089,37.463767,-76.89484,142 mi,2 hours 7 mins
23091,37.652141,-76.792408,130 mi,2 hours 16 mins
23092,37.588712,-76.510468,134 mi,2 hours 25 mins
23093,37.987107,-78.057094,95.7 mi,1 hour 50 mins
23102,37.718875,-77.828672,120 mi,1 hour 50 mins
23103,37.646326,-77.727202,116 mi,1 hour 53 mins
23106,37.725854,-77.208391,102 mi,1 hour 45 mins
23108,37.618838000000004,-76.730162,128 mi,2 hours 18 mins
23109,37.43734,-76.332434,152 mi,2 hours 46 mins
23110,37.562425,-76.778758,147 mi,2 hours 22 mins
23111,37.613414,-77.257154,110 mi,1 hour 46 mins
23112,37.438113,-77.67246,119 mi,1 hour 54 mins
23113,37.545826,-77.670741,120 mi,1 hour 52 mins
23114,37.48645,-77.659282,119 mi,1 hour 54 mins
23116,37.675456,-77.32502,102 mi,1 hour 41 mins
23117,37.965538,-77.883705,91.5 mi,1 hour 44 mins
23119,37.445036,-76.272334,156 mi,2 hours 52 mins
23120,37.413328,-77.781582,126 mi,2 hours 4 mins
23123,37.642328,-78.295652,127 mi,2 hours 32 mins
23124,37.549208,-77.044627,125 mi,1 hour 59 mins
23125,37.347684,-76.280613,161 mi,2 hours 58 mins
23126,37.918346,-77.143893,95.7 mi,1 hour 38 mins
23128,37.462541,-76.376528,149 mi,2 hours 42 mins
23129,37.700888,-77.785674,118 mi,1 hour 49 mins
23130,37.39772,-76.277378,158 mi,2 hours 55 mins
23138,37.374955,-76.301351,158 mi,2 hours 54 mins
23139,37.552907,-77.941096,133 mi,2 hours 7 mins
23140,37.432286,-77.02211,130 mi,2 hours 8 mins
23141,37.528366,-77.15531,117 mi,1 hour 48 mins
23146,37.723864,-77.712476,106 mi,1 hour 51 mins
23148,37.86086,-77.055519,103 mi,1 hour 48 mins
23149,37.57369,-76.599219,130 mi,2 hours 20 mins
23150,37.503766,-77.263513,113 mi,1 hour 44 mins
23153,37.783412,-77.941505,128 mi,2 hours 0 mins
23156,37.538517999999996,-76.713854,144 mi,2 hours 24 mins
23161,37.715555,-76.926087,118 mi,2 hours 1 min
23163,37.341074,-76.305051,161 mi,2 hours 59 mins
23168,37.39155,-76.830929,140 mi,2 hours 9 mins
23169,37.592954,-76.453954,137 mi,2 hours 29 mins
23175,37.649384,-76.607456,126 mi,2 hours 15 mins
23176,37.566309999999994,-76.429644,140 mi,2 hours 32 mins
23177,37.745459,-77.013302,114 mi,1 hour 56 mins
23180,37.705282,-76.611582,125 mi,2 hours 18 mins
23181,37.58794,-76.891644,121 mi,2 hours 2 mins
23185,37.233951,-76.736472,154 mi,2 hours 23 mins
23188,37.358168,-76.741868,144 mi,2 hours 10 mins
23192,37.825944,-77.673348,91.3 mi,1 hour 39 mins
23219,37.540847,-77.439298,106 mi,1 hour 41 mins
23220,37.551325,-77.458757,106 mi,1 hour 41 mins
23221,37.552095,-77.500073,105 mi,1 hour 41 mins
23222,37.581314,-77.41543,104 mi,1 hour 40 mins
23223,37.558198,-77.376967,109 mi,1 hour 41 mins
23224,37.496402,-77.470836,110 mi,1 hour 48 mins
23225,37.516878,-77.499402,108 mi,1 hour 42 mins
23226,37.584398,-77.518046,107 mi,1 hour 42 mins
23227,37.614952,-77.442099,99.7 mi,1 hour 32 mins
23228,37.624342,-77.496277,101 mi,1 hour 38 mins
23229,37.593879,-77.5748,109 mi,1 hour 45 mins
23230,37.586649,-77.489859,104 mi,1 hour 37 mins
23231,37.443571999999996,-77.2995,120 mi,1 hour 51 mins
23233,37.651178,-77.61969,109 mi,1 hour 43 mins
23234,37.458422,-77.469799,116 mi,1 hour 50 mins
23235,37.502614,-77.569416,112 mi,1 hour 46 mins
23236,37.467781,-77.58848,114 mi,1 hour 48 mins
23237,37.399706,-77.475197,120 mi,1 hour 55 mins
23238,37.607168,-77.636598,111 mi,1 hour 47 mins
23294,37.628006,-77.543697,104 mi,1 hour 41 mins
23301,37.67035,-75.657008,185 mi,3 hours 23 mins
23302,37.856054,-75.528235,172 mi,3 hours 6 mins
23303,37.902488,-75.5175,168 mi,3 hours 0 mins
23306,37.584548,-75.870862,198 mi,3 hours 36 mins
23307,37.417632,-75.794253,206 mi,3 hours 48 mins
23308,37.814201000000004,-75.598757,174 mi,3 hours 8 mins
23310,37.215856,-75.902652,225 mi,3 hours 35 mins
23314,36.965132000000004,-76.518011,180 mi,2 hours 49 mins
23315,36.731612,-76.838924,184 mi,3 hours 1 min
23320,36.764063,-76.199408,200 mi,3 hours 7 mins
23321,36.806946,-76.414346,193 mi,2 hours 55 mins
23322,36.643075,-76.278472,213 mi,3 hours 18 mins
23323,36.702894,-76.37291,203 mi,3 hours 6 mins
23324,36.801520000000004,-76.276521,202 mi,3 hours 5 mins
23325,36.813695,-76.238736,199 mi,3 hours 5 mins
23336,37.942039,-75.326264,,
23337,37.868382000000004,-75.453698,176 mi,3 hours 14 mins
23350,37.512861,-75.876586,203 mi,3 hours 42 mins
23354,37.474832,-75.898066,204 mi,3 hours 43 mins
23356,38.00016,-75.410018,157 mi,2 hours 56 mins
23357,37.762843,-75.680758,182 mi,3 hours 18 mins
23358,37.645421999999996,-75.863487,197 mi,3 hours 36 mins
23359,37.87965,-75.589496,171 mi,3 hours 5 mins
23395,37.974334999999996,-75.471174,164 mi,2 hours 56 mins
23404,37.636339,-75.674492,188 mi,3 hours 25 mins
23405,37.424192,-75.913558,208 mi,3 hours 46 mins
23409,37.876792,-75.645569,175 mi,3 hours 13 mins
23410,37.621788,-75.758337,190 mi,3 hours 25 mins
23415,37.956751000000004,-75.530908,163 mi,2 hours 53 mins
23416,37.949706,-75.59115,167 mi,2 hours 59 mins
23417,37.734116,-75.777336,188 mi,3 hours 24 mins
23418,37.669713,-75.687447,187 mi,3 hours 24 mins
23420,37.570836,-75.74331,196 mi,3 hours 33 mins
23421,37.785877,-75.627646,177 mi,3 hours 12 mins
23426,37.921344,-75.687439,174 mi,3 hours 9 mins
23430,37.01214,-76.664417,175 mi,2 hours 54 mins
23432,36.876868,-76.558878,190 mi,3 hours 4 mins
23433,36.914062,-76.47152,187 mi,3 hours 0 mins
23434,36.704066,-76.617011,194 mi,3 hours 13 mins
23435,36.84702,-76.478912,192 mi,2 hours 56 mins
23436,36.89514,-76.517356,186 mi,2 hours 59 mins
23437,36.640325,-76.801337,190 mi,3 hours 3 mins
23438,36.59305,-76.724567,197 mi,3 hours 14 mins
23442,37.889853,-75.561814,169 mi,3 hours 6 mins
23451,36.857214,-76.02818,204 mi,3 hours 8 mins
23452,36.849396,-76.095534,200 mi,3 hours 5 mins
23453,36.782218,-76.077854,203 mi,3 hours 13 mins
23454,36.826122,-76.026148,204 mi,3 hours 9 mins
23455,36.919017,-76.143352,196 mi,3 hours 4 mins
23456,36.67483,-76.011469,211 mi,3 hours 24 mins
23457,36.622813,-76.021397,216 mi,3 hours 30 mins
23462,36.835688,-76.14661,197 mi,3 hours 0 mins
23464,36.798671,-76.178112,198 mi,3 hours 3 mins
23487,36.862753,-76.714326,181 mi,3 hours 0 mins
23488,37.950177,-75.606014,167 mi,3 hours 2 mins
23502,36.856749,-76.212514,193 mi,3 hours 0 mins
23503,36.948056,-76.256983,185 mi,2 hours 49 mins
23504,36.862764,-76.261355,192 mi,3 hours 0 mins
23505,36.91072,-76.29874,189 mi,2 hours 54 mins
23507,36.865551,-76.302195,192 mi,3 hours 2 mins
23508,36.882451,-76.308338,191 mi,3 hours 0 mins
23509,36.882082000000004,-76.263058,189 mi,2 hours 54 mins
23510,36.8522,-76.294156,197 mi,3 hours 2 mins
23511,36.940419,-76.30013,187 mi,2 hours 54 mins
23513,36.889734,-76.235176,190 mi,2 hours 53 mins
23517,36.869372999999996,-76.293816,192 mi,3 hours 1 min
23518,36.909298,-76.215043,191 mi,2 hours 56 mins
23523,36.832048,-76.269869,199 mi,3 hours 2 mins
23601,37.04677,-76.485306,172 mi,2 hours 42 mins
23602,37.114094,-76.514428,167 mi,2 hours 34 mins
23603,37.19214,-76.567594,159 mi,2 hours 25 mins
23604,37.120502,-76.594969,168 mi,2 hours 46 mins
23605,37.021345000000004,-76.438377,176 mi,2 hours 42 mins
23606,37.065053999999996,-76.528166,172 mi,2 hours 44 mins
23607,36.975898,-76.439879,180 mi,2 hours 43 mins
23608,37.154698,-76.545796,163 mi,2 hours 29 mins
23651,37.008378,-76.304759,179 mi,2 hours 45 mins
23661,37.007832,-76.386636,176 mi,2 hours 39 mins
23662,37.135436,-76.353588,174 mi,2 hours 44 mins
23663,37.033959,-76.3196,178 mi,2 hours 43 mins
23664,37.068666,-76.289951,180 mi,2 hours 48 mins
23665,37.088046999999996,-76.386472,175 mi,2 hours 40 mins
23666,37.062782,-76.40522,172 mi,2 hours 35 mins
23669,37.050603,-76.349191,176 mi,2 hours 41 mins
23690,37.237163,-76.55165,160 mi,2 hours 27 mins
23691,37.24371,-76.579466,162 mi,2 hours 31 mins
23692,37.178494,-76.470709,165 mi,2 hours 32 mins
23693,37.121112,-76.447328,168 mi,2 hours 34 mins
23696,37.191757,-76.426592,168 mi,2 hours 38 mins
23701,36.812324,-76.36945,197 mi,3 hours 1 min
23702,36.804031,-76.323415,198 mi,3 hours 4 mins
23703,36.881148,-76.37447,191 mi,2 hours 52 mins
23704,36.82201,-76.317128,197 mi,3 hours 1 min
23707,36.841234,-76.336338,195 mi,2 hours 58 mins
23708,36.848233,-76.30621,197 mi,3 hours 2 mins
23801,37.235265,-77.337332,133 mi,2 hours 6 mins
23803,37.205962,-77.46609,135 mi,2 hours 6 mins
23805,37.117515000000004,-77.405858,139 mi,2 hours 11 mins
23821,36.883408,-77.925096,174 mi,2 hours 42 mins
23824,37.084758,-77.954306,158 mi,2 hours 38 mins
23827,36.611606,-77.203756,184 mi,2 hours 56 mins
23828,36.594426,-77.287184,182 mi,2 hours 56 mins
23829,36.733166,-77.231672,172 mi,2 hours 44 mins
23830,37.019662,-77.383392,146 mi,2 hours 17 mins
23831,37.335931,-77.457246,124 mi,2 hours 1 min
23832,37.408834,-77.608472,120 mi,1 hour 56 mins
23833,37.210032,-77.666686,148 mi,2 hours 22 mins
23834,37.287969,-77.389106,124 mi,1 hour 54 mins
23836,37.357265999999996,-77.32524,127 mi,1 hour 56 mins
23837,36.759084,-77.091162,170 mi,2 hours 41 mins
23838,37.322187,-77.637816,125 mi,2 hours 5 mins
23839,37.081356,-76.917324,157 mi,2 hours 36 mins
23840,37.046471000000004,-77.658062,152 mi,2 hours 23 mins
23841,37.044274,-77.552702,149 mi,2 hours 18 mins
23842,37.153998,-77.209573,147 mi,2 hours 18 mins
23843,36.849752,-77.8058,167 mi,2 hours 34 mins
23844,36.676486,-77.345449,177 mi,2 hours 49 mins
23845,36.59052,-77.990181,193 mi,3 hours 5 mins
23846,37.065156,-76.821356,164 mi,2 hours 48 mins
23847,36.688365999999995,-77.532918,171 mi,2 hours 38 mins
23850,37.163342,-77.751422,153 mi,2 hours 25 mins
23851,36.676318,-76.956512,181 mi,2 hours 57 mins
23856,36.790738,-77.716158,170 mi,2 hours 39 mins
23857,36.577512,-77.891144,189 mi,2 hours 58 mins
23860,37.274605,-77.225702,134 mi,2 hours 8 mins
23866,36.914926,-76.867396,170 mi,2 hours 43 mins
23867,36.812653,-77.498522,164 mi,2 hours 33 mins
23868,36.718682,-77.814538,180 mi,2 hours 51 mins
23872,36.988398,-77.735714,157 mi,2 hours 26 mins
23874,36.609128,-77.103566,183 mi,2 hours 59 mins
23875,37.241925,-77.267272,136 mi,2 hours 6 mins
23876,36.947371999999994,-77.839531,167 mi,2 hours 39 mins
23878,36.816454,-77.031112,170 mi,2 hours 49 mins
23879,36.594442,-77.591891,179 mi,2 hours 43 mins
23881,37.20494,-76.975024,152 mi,2 hours 27 mins
23882,36.913408000000004,-77.395506,153 mi,2 hours 20 mins
23883,37.142647,-76.745377,164 mi,2 hours 42 mins
23885,37.17973,-77.576844,144 mi,2 hours 20 mins
23887,36.572202000000004,-77.814526,191 mi,3 hours 1 min
23888,36.946391999999996,-76.974758,163 mi,2 hours 35 mins
23889,36.894527000000004,-77.747658,162 mi,2 hours 30 mins
23890,36.997302,-77.104758,157 mi,2 hours 28 mins
23893,36.600702,-77.913836,190 mi,3 hours 1 min
23894,37.12931,-77.841789,159 mi,2 hours 32 mins
23897,36.823898,-77.296084,164 mi,2 hours 36 mins
23898,36.8323,-76.858437,174 mi,2 hours 50 mins
23901,37.296336,-78.407659,167 mi,2 hours 50 mins
23915,36.710159,-78.278096,199 mi,3 hours 7 mins
23917,36.640471,-78.269951,198 mi,3 hours 4 mins
23919,36.596225,-78.143688,194 mi,2 hours 57 mins
23920,36.724117,-77.980542,186 mi,2 hours 56 mins
23921,37.617896,-78.605722,151 mi,2 hours 57 mins
23922,37.181928,-78.223116,160 mi,2 hours 38 mins
23923,37.088625,-78.646468,190 mi,3 hours 11 mins
23924,36.809819,-78.41804,205 mi,3 hours 14 mins
23927,36.63491,-78.480598,210 mi,3 hours 14 mins
23930,37.142058,-78.089707,163 mi,2 hours 41 mins
23934,37.14934,-78.625186,184 mi,3 hours 12 mins
23936,37.526397,-78.495196,167 mi,2 hours 46 mins
23937,36.934018,-78.527294,187 mi,3 hours 5 mins
23938,36.91124,-78.021922,180 mi,2 hours 46 mins
23942,37.137108,-78.301746,166 mi,2 hours 44 mins
23944,36.903942,-78.182422,175 mi,3 hours 2 mins
23947,37.040454,-78.46089,179 mi,2 hours 56 mins
23950,36.678756,-78.076025,189 mi,2 hours 54 mins
23952,36.91684,-78.275732,179 mi,3 hours 2 mins
23954,37.077476000000004,-78.382703,172 mi,2 hours 52 mins
23958,37.276263,-78.620482,181 mi,2 hours 59 mins
23959,37.0975,-78.804253,200 mi,3 hours 26 mins
23960,37.320331,-78.551204,179 mi,3 hours 0 mins
23962,36.95244,-78.713234,194 mi,3 hours 18 mins
23963,37.189888,-78.821416,198 mi,3 hours 19 mins
23964,36.774012,-78.623653,199 mi,3 hours 17 mins
23966,37.306988,-78.283742,162 mi,2 hours 41 mins
23967,36.925715000000004,-78.618706,194 mi,3 hours 12 mins
23968,36.725297999999995,-78.516161,213 mi,3 hours 22 mins
23970,36.744534,-78.186564,190 mi,3 hours 2 mins
23974,36.966086,-78.258968,175 mi,2 hours 57 mins
23976,36.843028000000004,-78.621654,195 mi,3 hours 11 mins
24011,37.270794,-79.941354,240 mi,3 hours 41 mins
24012,37.324045,-79.900699,234 mi,3 hours 36 mins
24013,37.26514,-79.92294,240 mi,3 hours 40 mins
24014,37.218198,-79.910444,244 mi,3 hours 47 mins
24015,37.254203000000004,-79.976483,243 mi,3 hours 42 mins
24016,37.270534,-79.959281,240 mi,3 hours 40 mins
24017,37.295869,-79.988509,238 mi,3 hours 40 mins
24018,37.216714,-80.038642,244 mi,3 hours 50 mins
24019,37.342066,-79.955325,232 mi,3 hours 31 mins
24053,36.620976,-80.504499,314 mi,5 hours 11 mins
24054,36.679556,-79.708068,252 mi,4 hours 32 mins
24055,36.750567,-79.981754,285 mi,4 hours 32 mins
24059,37.154456,-80.126876,256 mi,4 hours 3 mins
24060,37.266757,-80.436765,275 mi,4 hours 10 mins
24064,37.389508,-79.770072,236 mi,3 hours 39 mins
24065,37.109738,-79.944968,254 mi,3 hours 54 mins
24066,37.532946,-79.669103,211 mi,3 hours 12 mins
24067,37.050937,-80.060465,263 mi,4 hours 8 mins
24069,36.595305,-79.616411,264 mi,4 hours 25 mins
24070,37.393771,-80.17361,247 mi,3 hours 47 mins
24072,37.029557000000004,-80.234958,269 mi,4 hours 15 mins
24073,37.124829999999996,-80.414256,263 mi,3 hours 58 mins
24076,36.608473,-80.45016,314 mi,5 hours 13 mins
24077,37.368044,-79.900728,228 mi,3 hours 30 mins
24078,36.728609999999996,-79.913449,286 mi,4 hours 30 mins
24079,37.049531,-80.160136,265 mi,4 hours 13 mins
24082,36.621047,-80.131908,306 mi,4 hours 51 mins
24083,37.410196,-79.918068,229 mi,3 hours 30 mins
24084,37.128402,-80.69507,282 mi,4 hours 17 mins
24085,37.684719,-79.842971,232 mi,3 hours 50 mins
24086,37.279312,-80.655068,288 mi,4 hours 28 mins
24087,37.230546999999994,-80.266692,251 mi,3 hours 50 mins
24088,36.883106,-80.076745,276 mi,4 hours 27 mins
24089,36.713621,-79.971414,288 mi,4 hours 32 mins
24090,37.514247,-79.895158,227 mi,3 hours 31 mins
24091,36.899891,-80.32823,284 mi,4 hours 26 mins
24092,36.996786,-79.761139,240 mi,4 hours 16 mins
24093,37.375896999999995,-80.865222,304 mi,4 hours 42 mins
24095,37.211382,-79.758618,246 mi,3 hours 56 mins
24101,37.181625,-79.80131,246 mi,3 hours 56 mins
24102,36.842622999999996,-79.999136,283 mi,4 hours 29 mins
24104,37.139844000000004,-79.478326,210 mi,3 hours 49 mins
24105,36.903644,-80.582286,289 mi,4 hours 38 mins
24112,36.739734,-79.888412,286 mi,4 hours 34 mins
24120,36.709562,-80.413834,301 mi,4 hours 50 mins
24121,37.172301000000004,-79.626847,218 mi,3 hours 54 mins
24122,37.408658,-79.692381,222 mi,3 hours 34 mins
24124,37.305901,-80.912156,312 mi,4 hours 57 mins
24127,37.488236,-80.222353,250 mi,4 hours 12 mins
24128,37.318572,-80.520212,280 mi,4 hours 15 mins
24131,37.577574,-80.239805,252 mi,4 hours 14 mins
24133,36.680591,-80.145913,298 mi,4 hours 51 mins
24134,37.25511,-80.751601,293 mi,4 hours 37 mins
24136,37.358431,-80.567326,288 mi,4 hours 28 mins
24137,36.922914,-79.674419,238 mi,4 hours 15 mins
24138,37.058536,-80.323636,272 mi,4 hours 12 mins
24139,37.007766,-79.479456,223 mi,4 hours 5 mins
24141,37.114775,-80.593744,274 mi,4 hours 9 mins
24147,37.400989,-80.840154,308 mi,4 hours 55 mins
24148,36.597444,-79.858436,298 mi,4 hours 42 mins
24149,37.027288,-80.43428,270 mi,4 hours 7 mins
24150,37.398322,-80.604642,278 mi,4 hours 52 mins
24151,36.962184,-79.86338,266 mi,4 hours 8 mins
24153,37.28349,-80.119264,242 mi,3 hours 41 mins
24161,36.991038,-79.54756,229 mi,4 hours 5 mins
24162,37.139756,-80.255032,257 mi,3 hours 58 mins
24165,36.588321,-80.066837,304 mi,4 hours 48 mins
24167,37.247852,-80.741909,292 mi,4 hours 33 mins
24168,36.735316,-79.948696,285 mi,4 hours 29 mins
24171,36.697229,-80.227043,317 mi,5 hours 10 mins
24174,37.361096,-79.663661,228 mi,3 hours 40 mins
24175,37.416856,-79.931434,228 mi,3 hours 31 mins
24176,36.994533000000004,-79.670534,234 mi,4 hours 12 mins
24179,37.278286,-79.786756,242 mi,3 hours 48 mins
24184,37.081852,-79.78665,258 mi,4 hours 4 mins
24185,36.808203999999996,-80.269894,296 mi,4 hours 43 mins
24201,36.614615,-82.174827,372 mi,5 hours 36 mins
24202,36.685122,-82.205598,376 mi,5 hours 44 mins
24210,36.769686,-82.090472,369 mi,5 hours 39 mins
24211,36.666506,-81.966482,362 mi,5 hours 26 mins
24216,36.945726,-82.765757,427 mi,6 hours 57 mins
24217,37.081637,-82.202574,402 mi,6 hours 40 mins
24219,36.842372,-82.755426,422 mi,6 hours 37 mins
24220,37.157765,-82.23577,414 mi,6 hours 47 mins
24221,36.644076,-83.022598,430 mi,6 hours 51 mins
24224,36.866282,-82.255302,384 mi,6 hours 0 mins
24225,36.990989,-82.116501,393 mi,6 hours 16 mins
24226,37.129678,-82.330142,414 mi,6 hours 44 mins
24228,37.170877000000004,-82.440088,422 mi,6 hours 51 mins
24230,36.972358,-82.490804,404 mi,6 hours 24 mins
24236,36.651356,-81.743118,359 mi,5 hours 35 mins
24237,37.033861,-82.26661,405 mi,6 hours 24 mins
24239,37.062053999999996,-82.128856,403 mi,6 hours 41 mins
24243,36.800688,-82.91157,430 mi,6 hours 54 mins
24244,36.713147,-82.832044,417 mi,6 hours 27 mins
24245,36.815926,-82.514921,400 mi,6 hours 17 mins
24248,36.63386,-83.539492,463 mi,7 hours 21 mins
24250,36.775033,-82.629408,411 mi,6 hours 38 mins
24251,36.701936,-82.635476,408 mi,6 hours 29 mins
24256,37.198961,-82.278485,412 mi,6 hours 49 mins
24258,36.652091999999996,-82.428974,396 mi,6 hours 8 mins
24260,37.0406,-81.975487,391 mi,6 hours 9 mins
24263,36.676582,-83.178204,439 mi,6 hours 56 mins
24265,36.832552,-82.956,443 mi,7 hours 6 mins
24266,36.89605,-82.025442,385 mi,5 hours 57 mins
24269,37.083401,-82.381464,410 mi,6 hours 32 mins
24270,36.713824,-82.257791,382 mi,5 hours 55 mins
24271,36.75785,-82.416456,394 mi,6 hours 8 mins
24272,37.020216,-82.348884,403 mi,6 hours 31 mins
24273,36.967851,-82.644439,415 mi,6 hours 37 mins
24277,36.762398,-83.026814,431 mi,6 hours 47 mins
24279,37.106026,-82.624375,424 mi,6 hours 43 mins
24280,36.971132,-81.893353,381 mi,5 hours 53 mins
24281,36.646142,-83.336217,452 mi,7 hours 12 mins
24282,36.828483,-83.05009,438 mi,6 hours 57 mins
24283,36.942463000000004,-82.363777,394 mi,6 hours 16 mins
24290,36.614434,-82.570339,408 mi,6 hours 8 mins
24292,36.620098999999996,-81.597826,359 mi,5 hours 37 mins
24293,37.016201,-82.603629,416 mi,6 hours 36 mins
24301,37.073874,-80.7958,289 mi,4 hours 28 mins
24311,36.883624,-81.388513,325 mi,4 hours 54 mins
24312,36.832513,-80.862876,304 mi,4 hours 38 mins
24313,36.90675,-80.811574,294 mi,4 hours 27 mins
24314,37.155171,-81.215583,327 mi,5 hours 23 mins
24315,37.149072,-81.052019,311 mi,4 hours 58 mins
24316,36.941637,-81.651338,356 mi,5 hours 30 mins
24317,36.610952,-80.67698,324 mi,4 hours 57 mins
24318,37.015464,-81.358977,331 mi,5 hours 6 mins
24319,36.75816,-81.643096,342 mi,5 hours 10 mins
24322,36.797258,-81.107605,326 mi,5 hours 14 mins
24323,36.871658000000004,-81.205153,316 mi,4 hours 54 mins
24324,36.977167,-80.782812,288 mi,4 hours 21 mins
24325,36.833764,-80.608731,295 mi,4 hours 42 mins
24326,36.725074,-81.191316,326 mi,5 hours 6 mins
24328,36.657194,-80.699344,320 mi,4 hours 51 mins
24330,36.717473999999996,-81.025911,319 mi,5 hours 3 mins
24333,36.669428,-80.940081,321 mi,5 hours 0 mins
24340,36.758573999999996,-81.77078,348 mi,5 hours 17 mins
24343,36.778672,-80.671189,308 mi,4 hours 43 mins
24347,36.958521999999995,-80.666929,294 mi,5 hours 8 mins
24348,36.641299,-81.181812,333 mi,5 hours 17 mins
24350,36.821453999999996,-81.008728,309 mi,4 hours 56 mins
24351,36.588678,-80.771532,328 mi,5 hours 0 mins
24352,36.713055,-80.53806,317 mi,4 hours 54 mins
24354,36.812468,-81.56948,335 mi,5 hours 1 min
24360,36.959965000000004,-80.903689,294 mi,4 hours 30 mins
24361,36.766349,-81.850404,352 mi,5 hours 18 mins
24363,36.624136,-81.366198,349 mi,5 hours 27 mins
24366,37.230582,-81.193847,334 mi,5 hours 8 mins
24368,36.890921999999996,-81.280828,318 mi,4 hours 49 mins
24370,36.921271000000004,-81.691949,354 mi,5 hours 28 mins
24374,36.789103000000004,-81.198264,319 mi,4 hours 57 mins
24375,36.776065,-81.400272,333 mi,5 hours 7 mins
24377,36.98738,-81.61367,360 mi,5 hours 36 mins
24378,36.696739,-81.460175,342 mi,5 hours 16 mins
24380,36.880654,-80.49498,284 mi,4 hours 30 mins
24381,36.731392,-80.85636,314 mi,4 hours 49 mins
24382,36.940042,-81.136538,309 mi,4 hours 43 mins
24401,38.1413,-79.064659,156 mi,2 hours 25 mins
24413,38.529268,-79.594728,192 mi,3 hours 31 mins
24416,37.729954,-79.348546,193 mi,2 hours 59 mins
24421,38.253304,-79.151072,156 mi,2 hours 36 mins
24422,37.824113,-79.74883,212 mi,3 hours 10 mins
24426,37.778529999999996,-80.049724,238 mi,3 hours 44 mins
24430,38.11003,-79.340415,176 mi,2 hours 48 mins
24431,38.169561,-78.82911,156 mi,2 hours 28 mins
24432,38.147908,-79.412595,174 mi,2 hours 56 mins
24433,38.396002,-79.486182,184 mi,3 hours 16 mins
24435,37.877015,-79.294542,177 mi,2 hours 41 mins
24437,38.211116,-78.93311,149 mi,2 hours 19 mins
24439,38.000353000000004,-79.491918,187 mi,3 hours 2 mins
24440,37.986694,-79.134998,167 mi,2 hours 36 mins
24441,38.231122,-78.835876,150 mi,2 hours 20 mins
24442,38.303832,-79.431534,173 mi,2 hours 59 mins
24445,37.952205,-79.915236,221 mi,3 hours 46 mins
24450,37.773096,-79.51744,195 mi,3 hours 6 mins
24458,38.320014,-79.520066,181 mi,3 hours 12 mins
24459,37.998758,-79.31905,176 mi,2 hours 49 mins
24460,38.020324,-79.645587,198 mi,3 hours 12 mins
24464,37.860361,-79.094383,185 mi,3 hours 13 mins
24465,38.380646,-79.643276,193 mi,3 hours 27 mins
24467,38.26686,-78.967368,145 mi,2 hours 15 mins
24471,38.31219,-78.799765,140 mi,2 hours 14 mins
24472,37.943662,-79.214915,170 mi,2 hours 34 mins
24473,37.896278,-79.41881,190 mi,2 hours 58 mins
24476,37.9256,-79.2028,171 mi,2 hours 38 mins
24477,38.012983,-79.044718,166 mi,2 hours 33 mins
24479,38.141458,-79.201146,166 mi,2 hours 38 mins
24482,38.208148,-78.993043,150 mi,2 hours 17 mins
24483,37.803117,-79.229049,188 mi,3 hours 6 mins
24484,38.151164,-79.833146,228 mi,4 hours 6 mins
24485,38.289192,-79.306155,163 mi,2 hours 43 mins
24486,38.285779999999995,-78.938564,142 mi,2 hours 11 mins
24487,38.166228000000004,-79.648828,194 mi,3 hours 34 mins
24501,37.359662,-79.157034,184 mi,3 hours 25 mins
24502,37.36324,-79.212703,185 mi,3 hours 19 mins
24503,37.448766,-79.238354,187 mi,3 hours 27 mins
24504,37.365108,-79.075178,182 mi,3 hours 18 mins
24517,37.147795,-79.241942,200 mi,3 hours 36 mins
24520,36.601688,-79.043661,227 mi,3 hours 48 mins
24521,37.623511,-79.092253,167 mi,3 hours 3 mins
24522,37.354743,-78.76596,193 mi,3 hours 14 mins
24523,37.339921999999994,-79.527371,205 mi,3 hours 41 mins
24526,37.528958,-79.404418,214 mi,3 hours 28 mins
24527,36.725733,-79.338386,242 mi,4 hours 10 mins
24528,37.075376,-78.874452,202 mi,3 hours 23 mins
24529,36.616007,-78.64354,220 mi,3 hours 23 mins
24530,36.805832,-79.642316,241 mi,4 hours 19 mins
24531,36.8378,-79.43338,227 mi,4 hours 2 mins
24534,36.884114000000004,-78.74786,200 mi,3 hours 24 mins
24536,37.488459999999996,-79.317389,217 mi,3 hours 34 mins
24538,37.350552,-78.962724,185 mi,3 hours 18 mins
24539,36.864264,-78.900675,214 mi,3 hours 36 mins
24540,36.652986,-79.447126,241 mi,4 hours 17 mins
24541,36.620915000000004,-79.488967,245 mi,4 hours 24 mins
24549,36.7132,-79.504074,241 mi,4 hours 19 mins
24550,37.235788,-79.262796,195 mi,3 hours 29 mins
24551,37.364886,-79.314646,191 mi,3 hours 31 mins
24553,37.55628,-78.815145,170 mi,3 hours 11 mins
24554,37.135923,-79.089386,199 mi,3 hours 36 mins
24555,37.675802000000004,-79.475078,198 mi,3 hours 6 mins
24556,37.370878999999995,-79.399738,197 mi,3 hours 36 mins
24557,36.974728,-79.289774,213 mi,3 hours 54 mins
24558,36.774757,-78.965548,217 mi,3 hours 38 mins
24562,37.723634000000004,-78.649331,140 mi,2 hours 45 mins
24563,37.0659,-79.281382,207 mi,3 hours 47 mins
24565,36.849623,-79.201601,235 mi,4 hours 1 min
24566,36.744544,-79.255094,238 mi,4 hours 3 mins
24569,37.045199,-79.135903,208 mi,3 hours 48 mins
24570,37.351755,-79.438154,201 mi,3 hours 35 mins
24571,37.136461,-79.365371,204 mi,3 hours 47 mins
24572,37.457924,-79.079334,172 mi,3 hours 3 mins
24574,37.618794,-79.258912,178 mi,3 hours 19 mins
24577,36.940968,-78.933245,219 mi,3 hours 43 mins
24578,37.669698,-79.556301,202 mi,3 hours 7 mins
24579,37.590672,-79.515242,204 mi,3 hours 9 mins
24580,36.586634,-78.668703,222 mi,3 hours 26 mins
24581,37.656821,-78.790085,160 mi,3 hours 2 mins
24586,36.61444,-79.279312,242 mi,4 hours 3 mins
24588,37.266094,-79.098469,188 mi,3 hours 23 mins
24589,36.74757,-78.732869,208 mi,3 hours 30 mins
24590,37.802684,-78.486825,131 mi,2 hours 33 mins
24592,36.681308,-78.992797,221 mi,3 hours 44 mins
24593,37.371829999999996,-78.910922,200 mi,3 hours 18 mins
24594,36.650764,-79.186736,235 mi,3 hours 59 mins
24597,36.777607,-79.106943,226 mi,3 hours 48 mins
24598,36.620616999999996,-78.790324,231 mi,3 hours 41 mins
24599,37.62298,-78.729566,184 mi,3 hours 17 mins
24602,37.169482,-81.627788,369 mi,5 hours 47 mins
24603,37.320758,-82.239158,424 mi,7 hours 5 mins
24605,37.255909,-81.366198,337 mi,5 hours 26 mins
24609,37.054232,-81.790534,375 mi,5 hours 53 mins
24613,37.268901,-81.333928,335 mi,5 hours 20 mins
24614,37.301188,-82.09247,409 mi,6 hours 38 mins
24620,37.431478999999996,-82.029183,386 mi,6 hours 32 mins
24622,37.219606,-81.810976,386 mi,6 hours 12 mins
24630,37.166577000000004,-81.522622,357 mi,5 hours 29 mins
24631,37.216752,-81.988522,394 mi,6 hours 17 mins
24634,37.300236,-81.903252,402 mi,6 hours 32 mins
24637,37.0498,-81.708384,372 mi,5 hours 50 mins
24639,37.156223,-81.890064,386 mi,6 hours 7 mins
24641,37.129935,-81.805869,378 mi,6 hours 3 mins
24646,37.126978,-82.041773,401 mi,6 hours 25 mins
24649,37.082042,-81.911316,382 mi,6 hours 0 mins
24651,37.04941,-81.522036,354 mi,5 hours 43 mins
24656,37.161001,-82.12861,408 mi,6 hours 35 mins
24657,37.264278999999995,-81.88431,397 mi,6 hours 20 mins
20601,38.613661,-76.87053,27.4 mi,42 mins
20602,38.58647,-76.898935,30.7 mi,47 mins
20603,38.625890999999996,-76.97828,28.9 mi,42 mins
20606,38.25069,-76.748608,61.3 mi,1 hour 23 mins
20607,38.660282,-77.001033,23.5 mi,35 mins
20608,38.581877,-76.711782,35.9 mi,55 mins
20609,38.26928,-76.749718,58.7 mi,1 hour 21 mins
20611,38.466791,-76.974545,41.7 mi,59 mins
20613,38.65055,-76.814481,33.7 mi,1 hour 0 mins
20615,38.415124,-76.547254,56.3 mi,1 hour 12 mins
20616,38.653845000000004,-77.092066,30.0 mi,42 mins
20617,38.542097999999996,-76.860264,36.4 mi,54 mins
20618,38.291946,-76.79556,56.1 mi,1 hour 20 mins
20619,38.289449,-76.530767,60.3 mi,1 hour 22 mins
20620,38.231367999999996,-76.522868,66.1 mi,1 hour 32 mins
20621,38.330698,-76.796596,57.0 mi,1 hour 22 mins
20622,38.447645,-76.823442,45.4 mi,1 hour 6 mins
20623,38.743565999999994,-76.839013,22.2 mi,37 mins
20624,38.332632000000004,-76.735127,53.7 mi,1 hour 15 mins
20626,38.216684,-76.798473,62.7 mi,1 hour 27 mins
20628,38.14899,-76.349196,75.8 mi,1 hour 42 mins
20630,38.163559,-76.475667,72.7 mi,1 hour 40 mins
20632,38.433172,-76.96448,43.8 mi,1 hour 2 mins
20634,38.243081,-76.494239,64.6 mi,1 hour 29 mins
20636,38.349968,-76.573892,54.9 mi,1 hour 13 mins
20637,38.523552,-76.786325,38.0 mi,54 mins
20639,38.610104,-76.598868,41.0 mi,53 mins
20640,38.561143,-77.169683,35.2 mi,50 mins
20645,38.282171999999996,-76.955282,66.1 mi,1 hour 30 mins
20646,38.511838,-77.00676,39.1 mi,58 mins
20650,38.263075,-76.632899,61.8 mi,1 hour 27 mins
20653,38.241457000000004,-76.430525,66.6 mi,1 hour 31 mins
20656,38.355292,-76.674462,52.9 mi,1 hour 11 mins
20657,38.377857,-76.44326,61.5 mi,1 hour 17 mins
20658,38.570878,-77.157956,33.8 mi,48 mins
20659,38.423241,-76.6985,46.5 mi,1 hour 4 mins
20662,38.433402,-77.21936,47.7 mi,1 hour 5 mins
20664,38.317638,-76.931282,51.9 mi,1 hour 11 mins
20667,38.216554,-76.441954,68.3 mi,1 hour 34 mins
20670,38.285940000000004,-76.418628,66.7 mi,1 hour 34 mins
20674,38.088514,-76.534582,99.0 mi,2 hours 10 mins
20675,38.58189,-77.011733,30.1 mi,44 mins
20676,38.495072,-76.544649,50.1 mi,1 hour 5 mins
20677,38.496492,-77.043544,38.4 mi,54 mins
20678,38.508753999999996,-76.595554,49.4 mi,1 hour 7 mins
20680,38.122797,-76.36903,75.4 mi,1 hour 40 mins
20684,38.140264,-76.408228,75.8 mi,1 hour 42 mins
20685,38.433231,-76.532714,55.6 mi,1 hour 14 mins
20687,38.077065,-76.347084,79.2 mi,1 hour 45 mins
20688,38.329553999999995,-76.467884,64.5 mi,1 hour 19 mins
20689,38.663191,-76.586079,37.5 mi,50 mins
20690,38.157656,-76.527974,71.4 mi,1 hour 38 mins
20692,38.186038,-76.506641,69.0 mi,1 hour 34 mins
20693,38.439896999999995,-77.08977,43.5 mi,1 hour 1 min
20695,38.584282,-76.976714,34.2 mi,52 mins
20701,39.129228,-76.789212,29.0 mi,37 mins
20705,39.043221,-76.886123,23.1 mi,32 mins
20706,38.960659,-76.854733,18.1 mi,28 mins
20707,39.096924,-76.882979,28.1 mi,38 mins
20708,39.051006,-76.83148,23.6 mi,32 mins
20710,38.943391,-76.92546,13.3 mi,23 mins
20711,38.800944,-76.64473,29.3 mi,40 mins
20712,38.942781,-76.966558,10.2 mi,27 mins
20714,38.716766,-76.535969,38.6 mi,55 mins
20715,38.992636,-76.73894,25.7 mi,36 mins
20716,38.926683000000004,-76.711804,26.0 mi,34 mins
20720,38.995005,-76.790013,22.6 mi,34 mins
20721,38.91853,-76.786125,22.0 mi,33 mins
20722,38.934734,-76.950398,13.1 mi,23 mins
20723,39.140285999999996,-76.867378,31.3 mi,39 mins
20724,39.095535999999996,-76.8021,25.9 mi,32 mins
20732,38.659894,-76.539202,41.2 mi,55 mins
20733,38.807311999999996,-76.52796,35.3 mi,49 mins
20735,38.739406,-76.911837,20.6 mi,37 mins
20736,38.689487,-76.615297,36.2 mi,49 mins
20737,38.962414,-76.915311,14.8 mi,23 mins
20740,39.001255,-76.925719,18.8 mi,29 mins
20743,38.887153,-76.892477,13.7 mi,27 mins
20744,38.754528,-77.004762,16.2 mi,25 mins
20745,38.805865000000004,-76.999525,13.0 mi,19 mins
20746,38.835446,-76.9122,13.7 mi,25 mins
20747,38.85156,-76.887297,12.8 mi,28 mins
20748,38.817733000000004,-76.939861,14.1 mi,25 mins
20751,38.794002,-76.557262,32.9 mi,43 mins
20754,38.734871999999996,-76.647772,31.5 mi,42 mins
20755,39.082606,-76.770192,27.6 mi,35 mins
20758,38.736564,-76.581548,33.7 mi,46 mins
20759,39.162302,-76.927766,34.3 mi,44 mins
20762,38.806108,-76.877177,16.6 mi,31 mins
20763,39.13476,-76.816239,30.3 mi,38 mins
20764,38.832512,-76.511562,37.4 mi,51 mins
20769,38.986542,-76.818322,20.1 mi,31 mins
20770,39.001552000000004,-76.88766,18.0 mi,27 mins
20772,38.781028,-76.778818,22.1 mi,37 mins
20774,38.892222,-76.768044,26.7 mi,40 mins
20776,38.869506,-76.608351,35.3 mi,45 mins
20777,39.176254,-76.97301,39.2 mi,53 mins
20778,38.840993,-76.571354,37.4 mi,52 mins
20779,38.76112,-76.576613,33.8 mi,47 mins
20781,38.941163,-76.935371,12.7 mi,21 mins
20782,38.965947,-76.967548,11.5 mi,32 mins
20783,39.00357,-76.97103,23.4 mi,32 mins
20784,38.953486,-76.895625,14.5 mi,25 mins
20785,38.92274,-76.887691,14.4 mi,24 mins
20794,39.143627,-76.789329,30.1 mi,39 mins
20812,38.968422,-77.14235,14.6 mi,21 mins
20814,39.004804,-77.102477,18.9 mi,27 mins
20815,38.984212,-77.079106,21.9 mi,29 mins
20816,38.95397,-77.135482,9.4 mi,13 mins
20817,39.003314,-77.159528,15.0 mi,20 mins
20818,38.977042,-77.162837,14.6 mi,20 mins
20832,39.151068,-77.071944,34.5 mi,40 mins
20833,39.220929999999996,-77.056079,39.8 mi,50 mins
20837,39.116546,-77.414994,32.6 mi,47 mins
20838,39.233514,-77.350981,41.1 mi,47 mins
20839,39.182332,-77.42029,35.2 mi,50 mins
20841,39.18744,-77.315062,32.3 mi,41 mins
20842,39.199872,-77.42055,45.8 mi,54 mins
20850,39.08916,-77.190884,22.6 mi,27 mins
20851,39.078247999999995,-77.123786,22.5 mi,31 mins
20852,39.052614,-77.123153,21.6 mi,28 mins
20853,39.107240000000004,-77.098906,25.3 mi,37 mins
20854,39.024784,-77.246553,20.1 mi,33 mins
20855,39.14107,-77.138008,29.6 mi,37 mins
20860,39.149912,-77.029668,35.8 mi,43 mins
20861,39.149122,-76.99134,34.7 mi,49 mins
20862,39.180483,-77.014389,39.3 mi,50 mins
20866,39.106428,-76.92518,29.0 mi,38 mins
20868,39.122434,-76.969072,33.0 mi,44 mins
20871,39.265621,-77.286327,36.1 mi,41 mins
20872,39.292426,-77.222289,39.0 mi,47 mins
20874,39.139475,-77.288029,31.8 mi,42 mins
20876,39.209011,-77.237202,32.7 mi,38 mins
20877,39.139295000000004,-77.180452,27.3 mi,33 mins
20878,39.111862,-77.245232,25.9 mi,34 mins
20879,39.176351,-77.183173,29.7 mi,40 mins
20882,39.229095,-77.142379,35.2 mi,46 mins
20886,39.175138000000004,-77.186775,29.5 mi,38 mins
20895,39.02667,-77.081017,21.1 mi,27 mins
20901,39.024904,-77.008287,24.5 mi,30 mins
20902,39.04107,-77.045049,24.4 mi,32 mins
20903,39.014074,-76.982265,22.7 mi,31 mins
20904,39.061229,-76.978879,28.1 mi,36 mins
20905,39.111816,-76.99355,31.2 mi,42 mins
20906,39.08528,-77.058949,26.6 mi,40 mins
20910,39.00335,-77.035444,23.2 mi,29 mins
20912,38.982635,-77.003887,11.9 mi,32 mins
21001,39.498258,-76.198885,72.2 mi,1 hour 23 mins
21005,39.436746,-76.15742,78.8 mi,1 hour 34 mins
21009,39.473352,-76.287036,67.0 mi,1 hour 16 mins
21010,39.367349,-76.295893,69.9 mi,1 hour 25 mins
21012,39.043002,-76.49421,40.2 mi,47 mins
21013,39.515905,-76.483446,66.1 mi,1 hour 23 mins
21014,39.538191999999995,-76.352622,70.8 mi,1 hour 21 mins
21015,39.54745,-76.294404,74.6 mi,1 hour 24 mins
21017,39.475271,-76.237342,69.5 mi,1 hour 17 mins
21028,39.566944,-76.236252,75.0 mi,1 hour 24 mins
21029,39.203744,-76.951126,38.9 mi,46 mins
21030,39.491855,-76.664958,63.6 mi,1 hour 10 mins
21032,39.029961,-76.607438,36.2 mi,46 mins
21034,39.647942,-76.214459,85.5 mi,1 hour 33 mins
21035,38.936788,-76.642206,29.3 mi,35 mins
21036,39.235848,-77.008132,43.0 mi,52 mins
21037,38.922855,-76.544119,36.9 mi,50 mins
21040,39.432812,-76.292424,68.0 mi,1 hour 17 mins
21042,39.276697999999996,-76.899406,44.4 mi,55 mins
21043,39.256902000000004,-76.791739,40.2 mi,52 mins
21044,39.20442,-76.881353,37.1 mi,45 mins
21045,39.207766,-76.82643,38.1 mi,45 mins
21046,39.175036,-76.837241,34.1 mi,43 mins
21047,39.533239,-76.439024,71.3 mi,1 hour 23 mins
21048,39.491572999999995,-76.911391,63.5 mi,1 hour 11 mins
21050,39.583839,-76.396006,73.7 mi,1 hour 27 mins
21051,39.477957,-76.452808,63.9 mi,1 hour 18 mins
21053,39.683556,-76.717436,77.9 mi,1 hour 23 mins
21054,39.025663,-76.665275,30.3 mi,41 mins
21057,39.448318,-76.501341,61.3 mi,1 hour 13 mins
21060,39.17281,-76.576408,44.7 mi,54 mins
21061,39.162631,-76.63987,38.9 mi,46 mins
21074,39.61417,-76.852612,69.7 mi,1 hour 19 mins
21075,39.200371000000004,-76.747374,35.1 mi,43 mins
21076,39.172474,-76.723683,32.8 mi,43 mins
21077,39.157552,-76.701696,34.1 mi,42 mins
21078,39.556304,-76.15074,79.5 mi,1 hour 25 mins
21082,39.476382,-76.471889,63.7 mi,1 hour 19 mins
21084,39.613714,-76.457303,76.7 mi,1 hour 32 mins
21085,39.447408,-76.352666,62.5 mi,1 hour 8 mins
21087,39.447357000000004,-76.418264,62.0 mi,1 hour 13 mins
21090,39.206336,-76.668646,39.8 mi,48 mins
21093,39.437602,-76.638678,58.0 mi,1 hour 3 mins
21102,39.679702,-76.83906,74.9 mi,1 hour 26 mins
21104,39.342940999999996,-76.904758,49.7 mi,57 mins
21108,39.08437,-76.615686,34.8 mi,46 mins
21111,39.575664,-76.593727,73.2 mi,1 hour 24 mins
21113,39.051135,-76.714561,33.7 mi,47 mins
21114,39.010306,-76.683177,28.4 mi,37 mins
21117,39.430536,-76.794319,55.9 mi,1 hour 3 mins
21120,39.647549,-76.679603,76.1 mi,1 hour 22 mins
21122,39.125329,-76.512115,46.2 mi,54 mins
21128,39.406616,-76.443482,57.5 mi,1 hour 8 mins
21131,39.499744,-76.572318,65.7 mi,1 hour 14 mins
21132,39.693214,-76.418042,83.2 mi,1 hour 40 mins
21133,39.375202,-76.813802,52.0 mi,1 hour 4 mins
21136,39.485704,-76.798994,60.9 mi,1 hour 8 mins
21140,38.949847999999996,-76.587055,32.1 mi,41 mins
21144,39.120234,-76.68665,34.8 mi,42 mins
21146,39.074218,-76.56524,37.9 mi,51 mins
21152,39.548284,-76.685072,67.3 mi,1 hour 11 mins
21154,39.647281,-76.377497,78.4 mi,1 hour 35 mins
21155,39.569161,-76.805438,68.1 mi,1 hour 19 mins
21156,39.436358,-76.389686,62.0 mi,1 hour 14 mins
21157,39.555281,-76.990516,69.9 mi,1 hour 19 mins
21158,39.635490000000004,-77.025642,75.7 mi,1 hour 28 mins
21160,39.699355,-76.316881,85.2 mi,1 hour 37 mins
21161,39.660394000000004,-76.575423,80.6 mi,1 hour 28 mins
21162,39.390266,-76.399022,58.8 mi,1 hour 7 mins
21163,39.339327000000004,-76.85797,49.3 mi,1 hour 1 min
21201,39.295392,-76.623935,42.9 mi,53 mins
21202,39.295823999999996,-76.607773,44.2 mi,59 mins
21204,39.401942,-76.632844,58.4 mi,1 hour 5 mins
21205,39.303683,-76.56496,49.5 mi,1 hour 1 min
21206,39.334608,-76.53652,50.4 mi,1 hour 2 mins
21207,39.324836,-76.714952,48.1 mi,58 mins
21208,39.382375,-76.725876,51.5 mi,59 mins
21209,39.366521999999996,-76.669726,56.1 mi,1 hour 5 mins
21210,39.356952,-76.635409,50.1 mi,1 hour 8 mins
21211,39.328176,-76.638512,47.4 mi,1 hour 3 mins
21212,39.365097999999996,-76.619574,51.5 mi,1 hour 9 mins
21213,39.318032,-76.575253,49.2 mi,1 hour 0 mins
21214,39.350375,-76.562924,51.9 mi,1 hour 6 mins
21215,39.343076,-76.684788,52.0 mi,1 hour 4 mins
21216,39.310815999999996,-76.674222,43.9 mi,56 mins
21217,39.30754,-76.637621,44.3 mi,57 mins
21218,39.328596,-76.600322,46.5 mi,1 hour 5 mins
21219,39.227995,-76.422762,52.4 mi,1 hour 2 mins
21220,39.340232,-76.40195,58.9 mi,1 hour 9 mins
21221,39.294631,-76.435738,57.8 mi,1 hour 6 mins
21222,39.257661999999996,-76.495098,50.9 mi,59 mins
21223,39.281256,-76.651431,42.3 mi,51 mins
21224,39.278452,-76.534232,47.9 mi,56 mins
21225,39.229842,-76.615968,40.5 mi,49 mins
21226,39.20697,-76.561976,43.4 mi,50 mins
21227,39.241163,-76.671835,39.3 mi,46 mins
21228,39.267542,-76.74459,40.3 mi,48 mins
21229,39.280964000000004,-76.693617,41.0 mi,52 mins
21230,39.264256,-76.621678,42.9 mi,52 mins
21231,39.287896,-76.592319,44.2 mi,1 hour 0 mins
21234,39.391936,-76.529468,55.4 mi,1 hour 3 mins
21236,39.389278,-76.488265,55.7 mi,1 hour 6 mins
21237,39.339096,-76.495039,52.6 mi,1 hour 1 min
21239,39.362666,-76.587313,53.3 mi,1 hour 10 mins
21244,39.333482000000004,-76.784446,48.4 mi,59 mins
21286,39.414596,-76.571826,60.6 mi,1 hour 6 mins
21401,38.99339,-76.546985,34.0 mi,42 mins
21402,38.98627,-76.474806,40.3 mi,49 mins
21403,38.941478000000004,-76.491481,37.8 mi,46 mins
21409,39.019922,-76.454498,39.8 mi,47 mins
21502,39.629407,-78.76594,138 mi,2 hours 12 mins
21520,39.638996,-79.301697,172 mi,2 hours 43 mins
21521,39.568408,-79.059058,159 mi,2 hours 40 mins
21523,39.509445,-79.103827,164 mi,2 hours 46 mins
21530,39.679404999999996,-78.522038,124 mi,2 hours 4 mins
21531,39.638565,-79.398148,178 mi,2 hours 48 mins
21532,39.640752,-78.945642,147 mi,2 hours 19 mins
21536,39.630844,-79.188216,166 mi,2 hours 39 mins
21538,39.400758,-79.220752,170 mi,2 hours 57 mins
21539,39.598862,-79.010962,155 mi,2 hours 33 mins
21540,39.476265,-79.061021,161 mi,2 hours 39 mins
21541,39.547641,-79.3763,181 mi,2 hours 59 mins
21545,39.69182,-78.861986,145 mi,2 hours 22 mins
21550,39.37935,-79.360037,172 mi,2 hours 55 mins
21555,39.592346,-78.561232,135 mi,2 hours 20 mins
21557,39.510054,-78.92169,150 mi,2 hours 27 mins
21561,39.493401,-79.197903,177 mi,2 hours 55 mins
21562,39.485403999999996,-79.017013,162 mi,2 hours 43 mins
21601,38.791663,-76.047992,73.9 mi,1 hour 20 mins
21607,39.133066,-75.847242,79.8 mi,1 hour 27 mins
21610,39.357176,-76.06592,96.0 mi,1 hour 45 mins
21612,38.756357,-76.272812,90.6 mi,1 hour 45 mins
21613,38.475362,-76.102234,98.0 mi,1 hour 51 mins
21617,39.057357,-76.024902,69.1 mi,1 hour 15 mins
21619,38.949606,-76.277483,51.8 mi,58 mins
21620,39.193196,-76.075379,81.3 mi,1 hour 33 mins
21622,38.405388,-76.193868,106 mi,2 hours 1 min
21623,39.13057,-75.964996,74.1 mi,1 hour 17 mins
21625,38.867936,-75.99313,71.4 mi,1 hour 19 mins
21626,38.314668,-76.092842,113 mi,2 hours 12 mins
21627,38.184537,-76.058744,125 mi,2 hours 32 mins
21629,38.845956,-75.83692,81.9 mi,1 hour 28 mins
21631,38.585037,-75.934965,93.2 mi,1 hour 48 mins
21632,38.720591999999996,-75.792586,91.0 mi,1 hour 38 mins
21634,38.290240999999995,-76.179691,120 mi,2 hours 24 mins
21635,39.327681,-75.840626,89.2 mi,1 hour 33 mins
21636,39.019078,-75.805939,79.3 mi,1 hour 27 mins
21638,38.936469,-76.20692,55.7 mi,1 hour 2 mins
21639,38.96416,-75.800486,79.6 mi,1 hour 29 mins
21640,39.069326000000004,-75.815982,81.9 mi,1 hour 30 mins
21643,38.638946000000004,-75.866895,90.5 mi,1 hour 43 mins
21644,39.119495,-75.890946,76.3 mi,1 hour 21 mins
21645,39.320383,-75.970878,89.9 mi,1 hour 37 mins
21647,38.809988,-76.283456,88.8 mi,1 hour 42 mins
21648,38.490023,-76.235282,103 mi,1 hour 56 mins
21649,39.135612,-75.776344,82.9 mi,1 hour 28 mins
21650,39.314615,-75.80361,91.4 mi,1 hour 38 mins
21651,39.248948,-75.878101,82.8 mi,1 hour 26 mins
21654,38.687566,-76.128363,82.8 mi,1 hour 34 mins
21655,38.751646,-75.925658,81.6 mi,1 hour 31 mins
21657,38.960351,-75.985721,68.9 mi,1 hour 15 mins
21658,38.939881,-76.138087,61.6 mi,1 hour 8 mins
21659,38.57393,-75.810006,97.6 mi,1 hour 53 mins
21660,38.964040999999995,-75.888748,75.0 mi,1 hour 21 mins
21661,39.10458,-76.223793,95.4 mi,1 hour 54 mins
21662,38.704828,-76.208725,84.6 mi,1 hour 37 mins
21663,38.799852,-76.233299,84.9 mi,1 hour 36 mins
21665,38.746798999999996,-76.327449,94.3 mi,1 hour 46 mins
21666,38.938033000000004,-76.332664,52.7 mi,1 hour 1 min
21667,39.329846999999994,-76.050996,93.8 mi,1 hour 44 mins
21668,39.178487,-75.864982,80.0 mi,1 hour 25 mins
21671,38.697531,-76.335209,97.9 mi,1 hour 54 mins
21672,38.267799,-76.06694,121 mi,2 hours 21 mins
21673,38.652398,-76.05306,83.4 mi,1 hour 31 mins
21675,38.291709,-76.096551,118 mi,2 hours 16 mins
21676,38.783171,-76.30176,91.9 mi,1 hour 46 mins
21677,38.512271,-76.180954,100 mi,1 hour 58 mins
21678,39.305841,-76.099988,87.7 mi,1 hour 42 mins
21679,38.91583,-76.088125,64.4 mi,1 hour 11 mins
21701,39.46416,-77.338426,56.3 mi,1 hour 2 mins
21702,39.495903999999996,-77.454014,55.0 mi,1 hour 1 min
21703,39.361267,-77.458616,51.3 mi,58 mins
21704,39.344244,-77.376436,43.7 mi,47 mins
21710,39.292024,-77.443166,47.5 mi,52 mins
21711,39.660911999999996,-78.027892,90.9 mi,1 hour 33 mins
21713,39.518924,-77.696112,72.8 mi,1 hour 17 mins
21716,39.316387,-77.622296,61.0 mi,1 hour 5 mins
21718,39.39575,-77.632997,64.3 mi,1 hour 7 mins
21719,39.70263,-77.496664,73.9 mi,1 hour 20 mins
21722,39.65344,-77.901485,84.0 mi,1 hour 21 mins
21723,39.328708,-77.01809,52.6 mi,1 hour 4 mins
21727,39.67535,-77.337375,73.0 mi,1 hour 14 mins
21733,39.545970000000004,-77.7596,78.4 mi,1 hour 20 mins
21737,39.260707000000004,-77.017558,44.6 mi,54 mins
21738,39.281834,-77.026329,46.6 mi,54 mins
21740,39.62895,-77.7155,71.9 mi,1 hour 14 mins
21742,39.654173,-77.654558,72.6 mi,1 hour 17 mins
21750,39.670891,-78.197285,102 mi,1 hour 36 mins
21754,39.337817,-77.304728,42.3 mi,48 mins
21755,39.350988,-77.574204,56.9 mi,1 hour 1 min
21756,39.449721000000004,-77.704872,73.0 mi,1 hour 15 mins
21757,39.597307,-77.24782,67.3 mi,1 hour 17 mins
21758,39.361584,-77.661932,65.7 mi,1 hour 8 mins
21766,39.65065,-78.404428,123 mi,2 hours 17 mins
21767,39.69813,-77.748275,82.2 mi,1 hour 22 mins
21769,39.442029999999995,-77.567619,57.5 mi,1 hour 5 mins
21770,39.348111,-77.257048,43.9 mi,51 mins
21771,39.37407,-77.156258,45.5 mi,1 hour 0 mins
21773,39.54211,-77.559434,62.2 mi,1 hour 7 mins
21774,39.41163,-77.272758,49.8 mi,1 hour 3 mins
21776,39.514844000000004,-77.10321,62.8 mi,1 hour 17 mins
21777,39.282856,-77.528284,58.4 mi,1 hour 1 min
21778,39.611768,-77.333956,65.2 mi,1 hour 12 mins
21779,39.422974,-77.650352,70.8 mi,1 hour 14 mins
21780,39.675532000000004,-77.46732,73.7 mi,1 hour 21 mins
21782,39.4452,-77.769692,70.4 mi,1 hour 23 mins
21783,39.647431,-77.5746,71.8 mi,1 hour 13 mins
21784,39.392359,-76.96728,53.8 mi,1 hour 3 mins
21787,39.657465,-77.175208,72.2 mi,1 hour 22 mins
21788,39.594865999999996,-77.423936,62.7 mi,1 hour 5 mins
21790,39.258663,-77.50779,50.4 mi,59 mins
21791,39.532848,-77.187258,59.5 mi,1 hour 16 mins
21793,39.494038,-77.343663,59.2 mi,1 hour 3 mins
21794,39.292634,-76.973283,45.7 mi,55 mins
21795,39.586459,-77.825193,83.4 mi,1 hour 21 mins
21797,39.352614,-77.077784,55.5 mi,1 hour 3 mins
21798,39.542828,-77.29481,61.3 mi,1 hour 8 mins
21801,38.375981,-75.64106,121 mi,2 hours 11 mins
21804,38.34458,-75.515536,128 mi,2 hours 20 mins
21811,38.314132,-75.235476,140 mi,2 hours 40 mins
21813,38.419916,-75.173026,134 mi,2 hours 34 mins
21814,38.295555,-75.889399,131 mi,2 hours 25 mins
21817,37.975382,-75.84962,160 mi,2 hours 53 mins
21821,38.137945,-75.974106,158 mi,2 hours 55 mins
21822,38.278906,-75.650992,134 mi,2 hours 21 mins
21824,37.996614,-76.010262,,
21826,38.322016,-75.622382,125 mi,2 hours 22 mins
21829,38.093283,-75.384842,150 mi,2 hours 44 mins
21830,38.406682,-75.749888,116 mi,2 hours 8 mins
21835,38.5379,-75.933896,98.1 mi,1 hour 49 mins
21837,38.473851,-75.772464,111 mi,2 hours 0 mins
21838,38.023564,-75.725928,153 mi,2 hours 46 mins
21840,38.258592,-75.891404,134 mi,2 hours 31 mins
21841,38.258332,-75.287359,145 mi,2 hours 42 mins
21842,38.387232,-75.102379,140 mi,2 hours 37 mins
21849,38.376983,-75.471158,128 mi,2 hours 18 mins
21850,38.369547,-75.392657,133 mi,2 hours 24 mins
21851,38.089985999999996,-75.545562,155 mi,2 hours 46 mins
21853,38.195122,-75.705796,141 mi,2 hours 31 mins
21856,38.319392,-75.79533,127 mi,2 hours 20 mins
21862,38.394335999999996,-75.208998,132 mi,2 hours 29 mins
21863,38.196566,-75.416196,141 mi,2 hours 31 mins
21864,38.045654,-75.40797,153 mi,2 hours 48 mins
21865,38.286406,-75.835688,130 mi,2 hours 24 mins
21869,38.397594,-75.885954,111 mi,2 hours 6 mins
21871,38.090052,-75.72983,149 mi,2 hours 42 mins
21872,38.409746,-75.289594,133 mi,2 hours 30 mins
21874,38.388543,-75.358251,134 mi,2 hours 24 mins
21875,38.451046,-75.579051,120 mi,2 hours 12 mins
21901,39.575594,-75.949194,92.6 mi,1 hour 40 mins
21903,39.573079,-76.043644,84.5 mi,1 hour 31 mins
21904,39.628904999999996,-76.069972,85.0 mi,1 hour 32 mins
21911,39.671336,-76.047648,89.3 mi,1 hour 37 mins
21912,39.431088,-75.822895,98.9 mi,1 hour 45 mins
21915,39.502666,-75.850436,104 mi,1 hour 51 mins
21917,39.667489,-76.101287,88.2 mi,1 hour 35 mins
21918,39.679066,-76.170359,90.1 mi,1 hour 40 mins
21919,39.41956,-75.92574,97.2 mi,1 hour 45 mins
21921,39.617117,-75.867654,97.3 mi,1 hour 46 mins
