Name,Participating from
"Bhat, Spoorthy",United States of America
"Cao, Ruochen",China
"Chen, Max",United States of America
"Chen, Shiming",China
"Chen, Yiyang",United States of America
"Chunduru Balaji, Manikanta",India
"Ding, Minyi",China
"Fan, Zian",United States of America
"Fang, Gwen",United States of America
"Hou, Qianru",China
"Hu, Huanpu",China
"Hu, Shayne",China
"Jian, Dayuan",United States of America
"Jiang, Dongzhe",China
"Jiang, Yanru",United States of America
"Kapadia, Vishal Ajaybhai",United States of America
"Kim, Kelly",United States of America
"Knapp, Harrison",United States of America
"Lee, Maxwell",United States of America
"Li, Mengxun",China
"Li, Wenhao",United States of America
"Li, Ruoxuan",China
"Li, Wenxuan",China
"Lin, Jiayi",China
"Liu, Baitong",China
"Lu, Emma",United States of America
"Lu, Jiahui",United States of America
"Lu, Shaozhen",China
"Luc, Leon",United States of America
"Ma, Ruichao",United States of America
"MacHarrie, Maria",United States of America
"Manjunath, Divya",United States of America
"Meng, Yue",United States of America
"Nelson, Luke",United States of America
"Niu, Zihao",United States of America
"Ou, Jiarui",China
"Patel, Tirth",United States of America
"Regulagedda, Vinjit",United States of America
"Shah, Rushi",United States of America
"Sheng, Junbo",United States of America
"Sun, Jiahao",China
"Thompson, Madeleine",United States of America
"Wang, Zhiqian",China
"Weng, Jiacheng",China
"Wu, Di",Unknown
"Xie, Qi",United States of America
"Xie, Zhixin",China
"Zhang, Anthony",United States of America
"Zhang, Dengjia",China
"Zhang, Chenyu",China
"Zhang, Yuchen",United States of America
"Zhao, Yadi",United States of America
"Zhou, Daisy",United States of America
"Zhou, Ying",United States of America
"Zhu, Yichao",United States of America